,deal_metric,display_name
11472869,229.085535633,LeEco Le Max 2 (128GB)
8597734,202.867357515,Lenovo K80 (64GB)
7294741,169.656279767,Sony Xperia Z3+ Dual (32GB)
10106328,160.461226875,Xiaomi Mi Max Prime (128GB)
11128327,158.118127293,Huawei Honor 8 Pro (6GB/128GB)
12039411,153.926282003,Asus Zenfone Zoom (128GB)
6601918,142.535270153,Caterpillar B25
8984512,142.405712532,LG G5 Dual (32GB)
8413492,131.396680886,LG G5 (32GB)
7541851,128.754721496,Motorola Moto X Style (32GB)
6068934,124.660958423,Samsung Galaxy Note 4 Duos (16GB)
10882677,124.045736716,Ulefone Gemini (32GB)
10183442,123.798346211,Huawei Honor 6X (4GB/64GB)
5663559,122.167303433,Blackberry Passport
11504059,119.741119531,Apple iPhone SE (128GB)
10112367,115.685722542,LG G5 SE (32GB)
8379645,113.208509037,Asus ZenFone 2 (Z3560/4GB/16GB/Dual) (ZE551ML)
7264929,113.09040937,LG G4 Dual (32GB)
6756290,112.709624906,Huawei Ascend P8 Dual (16GB)
10642424,110.571259701,Sony Xperia X Dual (64GB)
7505653,106.521054731,Sony Xperia M5 Dual (16GB)
6317107,102.798471557,Samsung Galaxy S6 (128GB)
10325957,99.7154123229,Lenovo Vibe P2 (4GB/32GB)
9956199,99.3940539415,Huawei Honor 8 (32GB)
10569851,97.9619013002,Asus ZenFone Go (ZB452KG) (8GB)
9685830,97.5323853632,Lenovo Vibe K5 Note (32GB)
8491027,96.9574819704,Xiaomi Mi 5 High (64GB)
6870822,94.6301579215,Huawei P8 (16GB)
9668397,94.113286087,Xiaomi Redmi Pro (64GB)
11606876,94.0412912333,LeEco Le Max (128GB)
7357394,93.8829603384,Lenovo K80 (32GB)
11037176,91.3259599243,Meizu Pro 6 (64GB)
11389730,91.3220813976,Bluboo Dual (16GB)
11201527,90.3731624213,Xiaomi Mi 5 Standard (64GB)
9970245,89.6543025293,ZTE Nubia Z11 Mini (64GB)
11103316,89.4715090532,TP-LINK Neffos X1Max (64GB)
10922407,87.3893988705,Blu Vivo 6 (64GB)
11561991,87.3204710557,Apple iPhone 6 (32GB)
11576745,87.0264965274,Alcatel Idol 4s (32GB)
9981788,85.8111414919,Huawei Honor 8 (64GB)
5558359,85.0828074866,Apple iPhone 6 Plus (64GB)
10976663,84.8830458682,Archos 55 Diamond Selfie (64GB)
11893169,83.4580386909,Xiaomi Redmi Note 4X (MediaTek) (64GB)
11230852,81.2327995583,Lenovo K5 Note Fingerprint (32GB)
8384618,80.6698778653,Sony Xperia M5 (16GB)
10597333,78.5222759062,Samsung Galaxy Grand Prime Plus (8GB)
9815038,76.753145623,Huawei Nova Plus (32GB)
4763156,76.1061841317,Apple iPhone 5C (8GB)
10443299,75.1632864081,HTC 10 evo
10021736,74.8780588603,ZTE Axon 7 Mini (32GB)
10864321,74.0955494266,Doogee Shoot 1 (16GB)
8212493,73.6187817362,Huawei Mate 8 (32GB)
10286370,72.2757420242,Meizu M5 (32GB)
6757029,71.9382735363,Samsung Galaxy S6 Duos (32GB)
10025380,71.7870028872,Blackberry DTEK50 (16GB)
10325561,71.5496234048,Lenovo Moto M
11515613,71.0635613004,Umi Plus E (64GB)
10566892,70.6398603006,Meizu M5 Note (16GB)
11891035,70.6122281221,MLS Energy 4G (16GB)
6317061,70.4932503432,Samsung Galaxy S6 (64GB)
8874195,70.3202872243,HTC One X9 (32GB)
10566957,70.2941730812,Meizu M5 Note (32GB)
11959234,70.2806821925,BlackView BV7000 Pro (64GB)
10603203,67.9080942078,Lenovo Vibe K6 Note (32GB)
11169230,67.8683957932,Sony Xperia XA1 (32GB)
11890963,67.033344186,MLS Fresh (16GB)
9042908,66.9841435782,Huawei P9 Dual (32GB)
11140286,66.9826648015,Samsung Galaxy S8 (64GB)
11504255,66.0185009425,Apple iPhone SE (32GB)
10567019,64.550109807,Meizu M5 Note (64GB)
11599517,63.982071659,Oukitel U20 Plus (16GB)
9758358,63.9744907874,Vodafone Smart Platinum 7 (32GB)
11999487,63.9233901356,BlackView A9 Pro (16GB)
10844371,63.8060258457,Huawei Nova (32GB)
6611044,62.6305058422,Asus ZenFone 2 (Z3580/4GB/32GB/Dual) (ZE551ML)
10240625,62.563345039,Umi Plus (32GB)
10644470,62.2552493029,LeEco Cool1 4GB Dual (32GB)
7282995,61.682048492,Motorola Moto G (3rd Gen) (8GB)
8791213,61.3053266272,Huawei P9 (32GB)
10372691,61.2884178559,Huawei Y6 Pro (16GB)
10446239,60.3343956737,HTC Desire 825 (16GB)
10549703,59.7620590418,HTC One A9s (32GB)
10766459,59.5100144266,Lenovo K10 (16GB)
11328452,59.5068032536,Leagoo T1 Plus (16GB)
10631308,59.4299786195,Samsung Galaxy J2 Prime (8GB)
9901343,58.6891921325,HTC Desire 10 Lifestyle (32GB)
6592480,58.6527426974,LG G4 (32GB)
10455301,58.5127642342,LeTV Le Max (64GB)
8648639,57.7859713467,HTC Desire 820G+ Dual (16GB)
10002261,56.4696184262,Motorola Moto G4 Play Dual (16GB)
10576161,56.1445366241,HTC Desire 628 Dual (16GB)
10454221,55.9638070623,HTC Desire 650
9815037,55.9544524941,Huawei Nova Dual (32GB)
9268867,55.7229023333,Meizu M3 Note (32GB)
8145112,55.5997414841,Samsung Galaxy J7 Dual 3G (16GB)
3783654,55.5131437364,Apple iPhone 5S (16GB)
10864430,55.0330885071,Alcatel 10.54
10864021,54.4037376057,Xiaomi Redmi Note 4 (Snapdragon) (4GB/64GB)
8455471,54.2530812324,Asus ZenFone Zoom (64GB)
9374090,54.2319871824,ZUK Z2 (64GB)
10328199,54.2108015769,Meizu M3E (32GB)
9608073,54.1410058687,Alcatel OneTouch Pixi 4 (6) 4G (8GB)
10000553,54.0222844574,Xiaomi Mi 5s Plus (64GB)
10756525,53.6102114677,Samsung Galaxy A3 Duos 2017 (16GB)
8414311,53.601356068,Sony Xperia X (32GB)
11168106,52.9324121151,Sony Xperia XA1 Ultra (32GB)
7504828,52.5765643731,Apple iPhone 6s Plus (128GB)
10932869,52.418600439,LG X Mach (32GB)
10550986,51.9748490921,Cubot Cheetah 2 (32GB)
11820988,51.8852711328,Asus ZenFone Go ZB500KL (16GB)
8438203,51.8838482585,Lenovo Phab Plus (32GB)
6918108,51.7586697495,Microsoft Lumia 640 XL 3G (8GB)
9188134,51.6903418989,Motorola Moto G4 (16GB)
11345359,51.6113950497,Motorola Moto Z Dual (32GB)
10817202,51.4366903807,HTC U Play (32GB)
11159130,51.3692236346,Asus Zenfone 3 (32GB)
5308163,51.0728391218,Apple iPhone 6 Plus (16GB)
11504329,50.9504820141,LG K10 (2017) Dual (16GB)
10000323,50.9006804811,Xiaomi Mi 5s Plus (128GB)
9724038,50.6604938539,Motorola Moto G4 Play (16GB)
10036784,50.4264635051,Huawei Honor 7 Lite Fingerprint (16GB)
8873827,50.171218593,Crypto Creev Mark V Plus (16GB)
11404867,50.1339165043,Lenovo K10 (8GB)
11775269,49.7824552151,Motorola Moto G4 Plus (16GB)
10340038,49.6141066679,MLS Trend 4G Dual (16GB)
7599025,49.3505687586,Huawei Mate S (32GB)
10295883,48.1021462506,Samsung Galaxy A9 Pro (32GB)
10529304,47.9074251978,ZTE Blade A512 Dual (16GB)
5450546,47.8741907752,Xiaomi Mi 4 (16GB)
11067546,47.6219481046,Blu Life One X2 (64GB)
10410188,47.6062722316,Ulefone Armor (32GB)
9079935,47.1486599015,Lenovo Vibe K5 Note (16GB)
11999773,46.9582801622,Leagoo T10 (32GB)
11002102,46.8458699435,ZTE Blade A610 Plus (32GB)
9672674,46.7679975348,Xiaomi Redmi Note 4 High Edition (MediaTek) (3GB/64GB)
10670668,46.7354605583,Samsung Galaxy J1 Mini Prime (8GB)
11758232,46.7202491525,HTC Desire 628 (16GB)
10943018,46.7137618117,Asus Zenfone 3S Max (ZC521TL)
9986194,46.7122898697,Asus ZenFone 3 Max (16GB)
7401406,46.6737756789,Sony Xperia Z5 (32GB)
10902417,46.5656460194,OnePlus 3T (128GB)
8669043,46.4605719433,Apple iPhone SE (64GB)
11328639,45.5737489283,Leagoo T1 (16GB)
10822203,45.4836363175,Go Clever Quantum 2 500 N (8GB)
9896674,45.2916884426,Samsung Galaxy J3 Pro Dual (16GB)
11201373,45.2613168646,Leagoo M8 (16GB)
10756522,45.120518153,Samsung Galaxy A5 Duos 2017 (32GB)
9501836,44.2213923862,Xiaomi Redmi Pro (32GB)
9177791,44.196795562,Motorola Moto G4 Dual (16GB)
10199444,44.1211822583,HomTom HT16 (8GB)
11181013,44.02312072,LG X Mach Dual (32GB)
11542837,43.5681607566,Huawei P10 Dual (64GB)
11168093,43.5170534361,Sony Xperia XA1 Dual (32GB)
10117891,43.0515021238,LeTV LeEco Le 2 (32GB)
10620346,42.8186885676,Alcatel Pop 4 Plus (16GB)
10129132,42.5262582418,Meizu M3 Max (64GB)
8880414,42.4288674028,Umi Touch (16GB)
11891076,42.4118381661,Huawei P8 Lite Smart Dual (16GB)
9489172,41.8855860701,Alcatel OneTouch Idol 4 (16GB)
11721961,41.8251835377,Xiaomi Redmi Note 4 Exclusive (MediaTek) (4GB/64GB)
5983545,41.4729030071,LG G Flex 2 (16GB)
6871862,41.4227723695,Sony Xperia M4 Aqua (8GB)
10905372,41.270037605,Elephone S7 (64GB)
11273339,40.8089878089,MLS Alu 5.5 3G (8GB)
11927756,40.7006795797,Alcatel A5 Led Dual (2GB/16GB)
11316446,40.5164686669,Elephone R9 (3GB/32GB)
11853299,40.5135157027,Sony Xperia XA1 Ultra Dual (32GB)
10619076,40.4947509492,Wiko U Feel Lite (16GB)
10297324,40.3552244469,LeEco Cool1 3GB Dual (32GB)
9535232,40.2023307042,Huawei P9 Lite (2GB/16GB)
11224401,39.8249024368,General Mobile GM 5 Plus Dual (32GB)
6666214,39.639182398,Samsung Galaxy Xcover 3 (8GB)
7357035,39.4822258095,HTC One Me (32GB)
10528878,39.3762885807,Meizu M3X (32GB)
10697717,39.1854104559,Huawei Mate 9 (64GB)
11088051,38.8757629312,TP-LINK Neffos Y5 (16GB)
9669553,38.5218577468,Kingzone S2 (8GB)
8239538,38.4647244488,Doogee Y200 (32GB)
10642366,38.4060331353,Sony Xperia X Performance Dual (64GB)
7400603,38.3358090034,Sony Xperia Z5 Premium (32GB)
7723431,38.2846853391,Doogee Valencia 2 Y100 Plus (16GB)
9454972,38.055505503,Umi Super (32GB)
9055991,37.7405790814,Alcatel OneTouch Pixi 4 (6) 3G (8GB)
10327645,37.5732702289,MLS Alu 3G (8GB)
10865008,37.5453782223,Xiaomi Mi 6 (128GB)
10183106,37.0859015939,Huawei Honor 6X (3GB/32GB)
11504435,36.8906019052,Meizu Pro 6s (64GB)
10093039,36.7348166838,Cubot Max (32GB)
8695009,36.5964483105,Samsung Galaxy S7 Duos (32GB)
9107905,36.5945806645,Xiaomi Mi Max (32GB)
7811257,36.3679040646,LG Nexus 5X (32GB)
11103281,36.2626125808,TP-LINK Neffos X1Max (32GB)
10351487,36.1652157956,Blu Life Mark (16GB)
10250011,35.8093763782,Huawei Y6 II Compact (16GB)
9524580,35.5819084905,Cubot Cheetah (32GB)
11842722,35.435127592,Cubot Rainbow 2 (16GB)
10906621,34.8148910525,Vernee Mars (32GB)
10010229,34.6191302683,Google Pixel (32GB)
9232277,34.1301260593,Meizu M3 Note (16GB)
11402091,34.0026510174,Xiaomi Mi 5c (64GB)
10271610,33.8663760439,Huawei Mate 9 Dual (64GB)
9306016,33.6519291007,Huawei P9 Lite (3GB/16GB)
9409925,32.8365264974,Alcatel OneTouch Pop UP (16GB)
9995201,32.7835762253,Oukitel C4 (8GB)
9445259,32.7125853896,Huawei Honor 7 Lite (16GB)
10059165,32.2473436551,Asus ZenFone 3 (64GB)
11598831,32.1000392944,Lenovo Phab2 Plus (32GB)
6733376,31.690090681,MLS iQTalk Onyx Dual (16GB)
7780575,31.6121822718,Lenovo Vibe P1m (16GB)
11542884,31.1290904369,Lenovo Vibe P2 (4GB/64GB)
10296471,30.7934572108,BlackView E7s (16GB)
7504732,30.3349764837,Apple iPhone 6s (128GB)
10529171,30.1005363207,Cubot S550 Pro (16GB)
9898535,29.6441556506,Wiko Jerry (16GB)
11317816,29.4593258976,Blu Joy
8988217,29.2416849493,LG X Screen (16GB)
8332719,28.9579363582,Samsung Galaxy S7 (32GB)
9192081,28.9124921449,Meizu M3 (32GB)
11472657,28.4484844515,Vivo X7 (64GB)
7364333,27.9970699022,Samsung Galaxy Core Prime Value Edition (8GB)
7424465,27.889218963,Apple iPhone 6s Plus (16GB)
6260915,27.7924312346,Samsung Galaxy S6 (32GB)
9669402,27.7689729683,THL T9 Pro (16GB)
10455691,27.5923817562,ZTE Axon 7 (64GB)
10620877,27.4143631508,Huawei P8 Lite Smart (16GB)
9898913,27.3356071206,Huawei Ascend G8 (16GB)
8490920,27.3134799633,Xiaomi Mi 5 Standard (32GB)
9419455,27.1646612162,Alcatel OneTouch Pixi 4 (5) 3G (8GB)
9898380,27.0360018037,Wiko U Feel (16GB)
9272109,26.9530730607,Motorola Moto G4 Plus (16GB) Dual Sim
10729050,26.5735364186,Bluboo Maya Max (32GB)
11414294,26.4734419645,LG X Style (16GB)
9361502,26.3663270634,Sony Xperia XA Dual (16GB)
9173554,26.1330877389,HTC Desire 728 (16GB)
9130370,26.0922649707,Oukitel K6000 Pro (32GB)
11103292,25.2769459428,TP-LINK Neffos X1 (32GB)
11778634,25.1779926978,MLS Top-S 4G (8GB)
10468510,24.9981560562,Lenovo B Dual (8GB)
10858255,24.9488327589,BQ Aquaris U Lite (16GB)
7321695,24.6818663763,Samsung Galaxy J5 Duos 4G (8GB)
10858159,24.6263911052,BQ Aquaris U (16GB)
8913485,24.293525486,Samsung Galaxy J2 Duos (8GB)
10283639,24.2765106153,Ulefone Tiger (16GB)
6044652,24.1932939133,HTC Desire 620G Dual (8GB)
11774124,24.1844022522,MaxCom MM818
9969844,24.1667150767,Doogee T6 Pro (32GB)
7259273,24.1404882586,Acer Liquid M220 Single (4GB)
9304030,23.8684776332,Huawei P9 Lite Dual (3GB/16GB)
8628040,23.8090868757,Apple iPhone SE (16GB)
8720352,23.0348135679,HomTom HT7 Pro (16GB)
3783653,22.8638601865,Apple iPhone 5C (16GB)
8758228,22.7596158155,Oukitel C2 (8GB)
9757914,22.594571999,Vodafone Smart Mini 7 (4GB)
9730380,22.5706948699,Wiko Lenny 3 (16GB)
9572084,22.4987734087,Doogee X5 Max Pro (16GB)
7335154,22.4643590841,Samsung Galaxy S5 Neo (16GB)
11779034,22.43063771,MLS Slice 4G (16GB)
8087014,22.0880604324,Crypto Creev Mark V (16GB)
11860092,21.94802464,Hisense C30 (32GB)
10742492,21.8064518452,Leagoo M5 Plus (16GB)
10631640,21.5212183923,Umi Max (16GB)
8176770,21.4858637927,Alcatel OneTouch 2045X
8784094,21.2063146154,Ulefone Be Pro 2 (16GB)
7556921,21.0102204647,LG Nexus 5X (16GB)
9615369,20.912118033,RugGear RG310 (4GB)
8256116,20.6421987115,Nokia 230 Dual
10065912,20.2290608108,BlackView BV6000s (16GB)
5898447,19.9341397334,Nokia 130
10242193,19.8579350147,Meizu U20 (32GB)
8444503,19.7914165991,Huawei Honor 5X (16GB)
10756340,19.668696672,Samsung Galaxy A5 2017 (32GB)
10829406,19.6532092047,Mediacom PhonePad Duo S552U 4G (16GB)
11103582,19.5084172657,Huawei P8 Lite (2017) (16GB)
9524579,19.4748191842,Hisense F20 (8GB)
9468414,19.2672644865,iNew U5W (8GB)
6989466,19.216767133,HTC Desire 526G (8GB)
10021828,19.036991195,Doogee X7 Pro (16GB)
7620866,18.9654551013,Asus ZenFone 2 Laser (16GB) (ZE550KL)
9783215,18.785209781,Apple iPhone 7 (128GB)
8281639,18.6640434571,Cubot S550 (16GB)
10977749,18.268992384,Alcatel Pop Star 5070D (4G) (8GB)
10802015,18.0572369983,Energizer Energy 100
8437937,18.0113520891,Panasonic EZ240
10690391,17.8505023798,ZTE Blade A512 Single (16GB)
9668091,17.6329340811,HTC Desire 630 (16GB)
9875453,17.5384992416,Oukitel U7 Plus (16GB)
8340504,17.3366273968,Asus ZenFone Max (16GB)
6264653,17.1930271748,HTC One M9 (32GB)
10725259,17.1586824872,Nokia 216
11823211,17.1325180341,Vivo Y67 (32GB)
10339856,17.0646372839,MLS Diamond 4G Fingerprint C8 Dual (32GB)
8379646,17.0056891657,Nokia 230
10340158,16.9510531916,Coolpad Modena 2 (16GB)
9332994,16.7926058352,Energy Sistem Phone Max 4000 (8GB)
11871165,16.690010762,Hisense F22 (8GB)
9815040,16.4830935624,Sony Xperia X Compact (32GB)
9198786,16.3276410737,Huawei Ascend Y360 (4GB)
10456126,16.2121056609,Alcatel 2008
9668098,16.1901219008,Samsung Galaxy J7 2016 Duos (16GB)
8783760,16.0998437056,MLS iQTalk Color 5.5'' Dual 4G (16GB)
10338475,15.9745326512,OnePlus 3T (64GB)
9624747,15.2609910633,Cubot X16 S (16GB)
6999080,15.1469344225,Alcatel OneTouch Pixi 3 (4) 3G (4GB)
11407671,14.9848179454,Huawei P10 (64GB)
8972925,14.9070232302,ZTE Blade V6 (16GB)
10756520,14.7408434948,Samsung Galaxy A7 Duos 2017 (32GB)
10057571,14.7305972529,Motorola Moto E (3rd Gen) (8GB)
8153619,14.5688769134,Energy Sistem Phone Max 4G (16GB)
6536691,14.5213724738,Microsoft Lumia 640 XL 3G Dual (8GB)
11943489,14.4698592587,Mediacom PhonePad Duo X532L Lite (16GB)
7753482,14.3584725563,Nokia 222 Single
9287438,14.2853081153,OnePlus 3 (64GB)
9301596,14.2771110527,Coolpad Torino (16GB)
10922201,14.0454712131,Huawei Mate S Dual (64GB)
10922474,13.8721059166,Blu Vivo XL2 (32GB)
11471388,13.8123898664,Vivo Y66 (32GB)
10617623,13.5917363032,Lenovo B (8GB)
10409332,13.4223287519,MLS Color mini 4G Dual (16GB)
10184447,13.3027869185,Xiaomi Mi Note 2 (128GB)
10020336,13.0675566703,MaxCom Strong MM901
9536994,12.7011638495,Meizu M3s (32GB)
7050290,12.6872542904,"Alcatel OneTouch Idol 3 5.5"" (16GB)"
10315447,12.6862199671,Xiaomi Redmi 4 Prime
10742681,12.4989223526,ZTE Blade L5 Plus (8GB)
10603460,12.4777482412,Archos 50 Titanium 4G (8GB)
9783217,12.4290284317,Apple iPhone 7 Plus (128GB)
8046417,12.4288275474,Xiaomi Redmi Note 3 (16GB)
9517102,12.4243804243,Hisense C20 (32GB)
10000278,12.0957283111,Xiaomi Mi 5s (64GB)
11317504,12.0219024061,Elephone C1 (16GB)
11933023,11.9968833572,Oppo A57 (32GB)
9751440,11.6340448308,LG X Power (16GB)
10975652,11.6169270631,LG K5 Dual (8GB)
11104153,11.5448443619,Blu Studio XL LTE (8GB)
9064268,11.5237526225,ZTE Blade L5 (8GB)
9535485,11.4855910964,Xiaomi Mi Max (64GB)
10551073,11.3471744229,Lenovo K6 (16GB)
9562308,11.2136973456,ZTE Nubia Z9 Max (16GB)
7463630,11.1713042195,HTC One E9 (16GB)
7129068,11.096363743,ZTE Blade L3 (8GB)
7655259,10.7368042424,Nokia 222 Dual
11292248,10.7038350618,Asus ZenFone 2 Laser ZE500KL (8GB)
10943635,10.4581415598,MLS iQTalk Titan 4G (16GB)
10537404,10.1364825306,Acer Liquid Zest Plus (16GB)
7514433,10.0215026853,Leagoo Elite 1 (32GB)
7992726,9.96112760695,MLS iQTalk Color 5'' Dual 4G (16GB)
5535970,9.79789525197,Nokia 130 Dual
10468270,9.77305974749,Nokia 216 Dual
10925916,9.70040716736,Meizu U10 (32GB)
6261140,9.54243736646,Samsung Galaxy S6 Edge (32GB)
10829293,9.48891133338,Mediacom PhonePad Duo G515 (8GB)
10286322,9.00485807489,Meizu M5 (16GB)
5307730,8.85620878609,Apple iPhone 6 (16GB)
6808160,8.64046105739,LG Joy (4GB)
11002883,8.0304064051,Samsung Galaxy J2 (2016) (8GB)
10430269,7.78124167903,Billow S500HD (8GB)
10784537,7.58727382454,Nokia 6 (4GB/64GB)
9098838,7.09485443086,Coolpad Torino S (16GB)
10252434,7.08956000956,MaxCom MM819BB
8153953,6.93400827744,Samsung Galaxy J1 Ace (4GB)
11882414,6.90968171614,MaxCom MM720
10725712,6.66768115476,HTC Desire 10 Lifestyle (16GB)
8880028,6.37943120802,Samsung Galaxy J1 Mini Dual (8GB)
7219275,6.25496937016,Samsung Galaxy Trend 2 Lite (4GB)
10339621,6.01270007947,MLS Diamond 4G Fingerprint TS Dual (32GB)
10822358,5.97417193367,eStar A28
6871261,5.80667983116,Huawei P8 Lite (16GB)
9338643,5.77588104687,HomTom HT17 (8GB)
9555755,5.71968174319,LG K4 Dual (8GB)
9259567,5.68986171502,Energy Sistem Phone Pro 4G (32GB)
11398551,5.68972182433,Meizu M5s (16GB)
8909064,5.5931827974,Xiaomi Redmi Note 3 Pro (16GB)
9360800,5.54345340173,Lenovo Vibe P1 (16GB/2GB)
10251789,5.17671155017,Wiko Robby (16GB)
9517024,4.75236616793,BlackView R7 (32GB)
8333136,4.58926725318,Samsung Galaxy S7 Edge (32GB)
9674179,4.49159311878,ZTE Blade A2 (16GB)
9941623,4.42545122664,Motorola Moto Z Play Dual (32GB)
9815039,3.79657947432,Sony Xperia XZ (32GB)
11457430,3.61480451738,Huawei P10 Dual (32GB)
9595109,3.23467895986,Sony Xperia XA Ultra (16GB)
8693332,3.21088843007,Huawei GR3 (16GB)
10977348,3.03048087503,Leagoo Z5C (8GB)
10010654,2.98961406016,Google Pixel (128GB)
8395434,2.51475163493,MLS iQTalk Color Mini Dual (8GB)
7967487,2.51117800849,Samsung Galaxy J5 Duos 3G (8GB)
10765893,2.30176524073,Asus Pegasus 5000 (16GB)
10822252,2.19961931404,Go Clever Quantum 4 550 (8GB)
7621172,2.16776063656,Vodafone Smart Speed 6 (8GB)
11343960,2.13308094896,Vernee Apollo (64GB)
9970342,1.94370109993,Motorola Moto Z (32GB)
8864337,1.7749091979,Samsung Galaxy J1 Duos 2016 (8GB)
11363216,1.62093025756,HTC One A9 (32GB)
7750303,1.57762522321,Huawei Honor Y5 (8GB)
9188756,1.31557431066,HTC One S9 (16GB)
11985985,1.30667470575,Geotel A1 (8GB)
9216668,1.28510112236,Cubot Dinosaur (16GB)
9359615,0.964378505076,MLS iQTalk Diamond Fingerprint 4G (16GB)
11922908,0.946164676188,Denver GSP-120
11159597,0.650815298191,Asus ZenFone 3 Max (ZC553KL) (32GB)
8842715,0.502532266943,TP-LINK Neffos C5 (16GB)
11500067,0.45705904344,Lenovo Moto G5 (3GB/16GB)
8938578,0.451563430907,Leagoo Shark 1 (16GB)
8984763,0.0654507369587,Elephone P9000 (32GB)
11822409,0.0458695271665,Lenovo Moto G5 Plus (3GB/32GB)
10046764,-0.245242769905,LG K3 Dual (8GB)
10766007,-0.269186724032,VKworld Crown V8
8082430,-0.293843367348,Gigabyte GSmart Essence (8GB)
11235834,-0.46389134282,LG K10 (2017) (16GB)
11406663,-0.612172859782,Meizu M5s (32GB)
6918686,-0.804302191908,HTC Desire 626G Dual (8GB)
10774028,-0.841090936451,Gigaset GS160 (16GB)
8995944,-1.07304879596,Ulefone Vienna (32GB)
7508833,-1.12119202891,ZUK Z1 (64GB)
9558425,-1.23533015385,ZTE Blade A510 (8GB)
10653368,-1.24948837995,Samsung Galaxy On7 (2016) (32GB)
6933062,-1.43801730345,Huawei Ascend Y360 Dual (4GB)
7487368,-1.59520079076,Doogee Galicia X5 (8GB)
9995245,-1.8068915463,Asus ZenFone 3 Max (32GB) (ZC520TL)
8617989,-2.60126490922,HomTom HT3 (8GB)
10975938,-2.61343197194,Archos 50f Helium (32GB)
6798407,-2.62668839646,Blackberry Leap (16GB)
11235867,-2.66782290453,LG K8 (2017) (16GB)
7860520,-2.8085294815,Coolpad Modena (8GB)
8414735,-2.80862969989,Sony Xperia X Performance (32GB)
11222349,-2.87662275774,Huawei P10 Lite Dual (4GB/32GB)
6696391,-3.4500408577,Lenovo A6000 Dual (8GB)
9359794,-3.57846305827,MLS iQTalk Diamond Fingerprint 4G Dual (16GB)
9426447,-3.72540306343,LG K5 (8GB)
11617813,-3.80027930919,Alcatel 10.50D
10084353,-3.91017506228,BlackView A8 Max (16GB)
7621093,-4.03311343293,Lenovo A1000 (8GB)
7751495,-4.18673301866,Huawei Honor Y6 (8GB)
11938751,-4.33229573994,LG K4 Dual (2017) (8GB)
11317549,-4.42902714918,eStar A18
9415563,-4.50797918041,Oukitel K4000 Pro (16GB)
10620558,-4.66690516313,ZTE V580 (16GB)
9189255,-4.76008919542,Meizu Pro 6 (32GB)
8874945,-5.06962418177,HomTom HT3 Pro (16GB)
8414880,-5.14476695948,Sony Xperia XA (16GB)
11067689,-5.57817792608,NO.1 M3 (16GB)
10455448,-5.58865732812,Ulefone Be Pure Lite (8GB)
10643104,-5.90634598587,MLS Spirit 8C (16GB)
7408246,-5.95344716675,Leagoo Elite 4 (16GB)
6677566,-6.37885308439,HTC One M8s (16GB)
3656048,-6.44580943996,Nokia 105
10864048,-6.62497131525,Ulefone U008 Pro (16GB)
7288733,-6.7194853944,LG G4s (8GB)
9445080,-6.74333141656,Huawei Y3II (8GB)
9105758,-7.05821755128,Allview A5 Ready (8GB)
10513102,-7.0974033161,Go Clever Quantum 3 550 Rugged (16GB)
10529267,-7.12578154972,Meizu Pro 6 Plus (128GB)
9542574,-7.20821604466,ZTE Blade L110 (8GB)
9520852,-7.39646880166,Xiaomi Redmi 3X (32GB)
10436853,-7.53490919394,Xiaomi Redmi Note 3 Pro Special Edition (32GB)
10966518,-7.55407970223,Acer Liquid Zest 3G (8GB)
7697920,-7.95073318517,Doogee Galicia X5 Pro (16GB)
9845360,-8.14945821556,Lenovo C2 Power (16GB)
10327727,-8.1703990471,MLS Status 4G Dual (8GB)
10499793,-8.60093142599,ZTE Blade A310 (Dual) (8GB)
11718680,-8.61557078502,Huawei P10 Lite Dual (3GB/32GB)
7634034,-8.89090558779,Microsoft Lumia 950 XL (32GB)
10813568,-8.95635727216,MLS Ruby 4G (16GB)
8515393,-9.08619399833,Meizu M1 Metal (16GB)
7945421,-9.14231727885,Doogee F5 (16GB)
8735993,-9.48963513272,HTC Desire 530 (16GB)
7634031,-9.9435624947,Microsoft Lumia 550 (8GB)
10315407,-10.0532333739,Xiaomi Redmi 4
11008141,-10.1542914778,Xiaomi Redmi Note 4X (Snapdragon) (64GB)
10830222,-10.4782932629,Acer Liquid Zest 4G (8GB)
8999919,-10.4827498397,Lenovo Vibe K5 (16GB)
7507905,-10.5410167343,Caterpillar S30 (8GB)
9410037,-10.7151234179,Bluboo Picasso (16GB)
10445742,-10.8750537839,LG X Cam (16GB)
10741925,-10.9515066897,Wiko Sunny (8GB)
10000048,-11.0095368484,Xiaomi Mi 5s (128GB)
9618789,-11.0909469442,Umi London (8GB)
9925764,-11.3441962515,HTC Desire 10 Pro (64GB)
8436609,-11.4512007766,Panasonic GD18
8435610,-11.7360099615,Cubot Note S (16GB)
11316846,-11.8137680905,Oukitel U15S (32GB)
9820435,-11.9407440037,Lenovo A (4GB)
10955366,-11.9659133694,Leagoo Z3C (8GB)
10655541,-12.0183907272,Huawei Y5 II (8GB)
11224622,-12.0878862829,MLS iQTalk Flame (8GB)
8864711,-12.1011102199,Samsung Galaxy J5 Duos 2016 (16GB)
6487975,-12.1577941499,Microsoft Lumia 640 LTE (8GB)
8515689,-12.1985974263,THL T7 (16GB)
9468830,-12.2169580024,Huawei Y5 II Dual (8GB)
10430833,-12.5956289022,Lenovo A Plus (8GB)
11700712,-12.6782628272,TP-LINK Neffos Y50 (8GB)
11585974,-12.7883015237,Vivo Y55 (16GB)
7311062,-13.2613183264,Doogee Valencia 2 Y100 Pro (16GB)
8864706,-13.3802366787,Samsung Galaxy J5 2016 (16GB)
11655953,-13.4401477331,Alcatel 1054D
10822284,-13.4553573816,Go Clever Quantum 3 500 (8GB)
8019836,-13.4614687829,Asus ZenFone 2 Laser (16GB) (ZE500KL)
10766323,-13.4990640307,Umi Z
7988857,-13.6171535157,Alcatel OneTouch 1035X
6253594,-13.6677898701,Samsung Galaxy A7 (16GB)
11573989,-13.8499146129,Huawei P10 Lite (32GB)
10350760,-14.3113654896,Blu Studio One (16GB)
10627915,-14.6515659081,Nokia 150
11315789,-14.8554875339,ZTE Nubia Z11 (4GB/64GB)
11913182,-14.8889958634,MLS Easy Flip (8GB)
11087863,-15.0092794157,Lenovo Moto G5 (2GB/16GB)
10670840,-15.1066869752,Oukitel U15 Pro (32GB)
11740689,-15.4324445203,Lenovo A6600 Plus (16GB)
10432750,-15.4449022786,Xiaomi Mi Note 2 Global Edition (128GB)
10550085,-15.6334827291,Cubot Manito (16GB)
11943379,-15.6647934189,Mediacom PhonePad Duo X532U 4G Ultra (16GB)
10446143,-15.7385211713,HTC Desire 825 Dual (16GB)
10019886,-15.8585577033,MaxCom MM462
9409718,-16.1937916355,Alcatel OneTouch Pixi 4 (5) (8GB)
10315304,-16.2389741915,Xiaomi Redmi 4a (16GB)
10536998,-16.5911593694,Alcatel Shine Lite (16GB)
11077820,-16.5923321122,Blu Vivo XL (16GB)
9043554,-16.6841048454,Huawei P9 Lite Dual (2GB/16GB)
11171464,-17.0799667044,LG G6 Dual (64GB)
8779166,-17.1066580883,Samsung Galaxy A5 Duos 2016 (16GB)
8095786,-17.4081709384,Doogee X6 (8GB)
8130646,-17.643236712,Doogee X6 Pro (16GB)
10830068,-17.8377303136,Archos 55 Helium (16GB)
9192579,-17.8857533365,Alcatel OneTouch Pop 4 (8GB)
8742945,-18.1367485755,Lenovo Vibe K5 Plus (16GB)
8116861,-18.1402577245,MLS iQTalk Wave (8GB)
10263525,-18.1851718637,Cubot Echo (16GB)
10687572,-18.2043712968,Leagoo Z3C (4GB)
9351583,-18.2617909862,Sony Xperia E5 (16GB)
8913842,-18.2716143181,Elephone P9000 Lite (32GB)
10184060,-18.4714446908,Xiaomi Mi Note 2 (64GB)
11815368,-18.5211981332,Nokia 6 (3GB/32GB)
11170469,-18.6216242132,Huawei P10 Plus (6GB/128B)
10445832,-18.8443031677,Xiaomi Redmi Note 4 (MediaTek) (3GB/32GB)
9133677,-19.0165583242,Samsung Galaxy A3 Duos 2016 (16GB)
9758209,-19.0769492023,Vodafone Smart Ultra 7 (16GB)
9981614,-19.2399675449,"Alcatel OneTouch Pixi 4 (4"") (4GB)"
10373479,-19.2615620915,Doogee T5S (16GB)
9889976,-19.4017381219,Apple iPhone 6s (32GB)
11407670,-19.5091299056,Xiaomi Redmi 4x (16GB)
9416983,-19.6106152999,Oukitel U8 (16GB)
10671550,-19.7153543775,HomTom HT10 (32GB)
8515183,-19.7447462035,Xiaomi Redmi Note 3 Pro (32GB)
9542492,-19.9324958554,ZTE A310 (8GB)
10105245,-19.9617737599,ZUK Z2 Pro (128GB)
10822530,-19.9761811097,Huawei P8 Lite Dual (2017) (16GB)
9469401,-20.2503238,Vernee Thor (16GB)
8688868,-20.2649670418,Samsung Galaxy S7 Edge Duos (32GB)
9028851,-20.4921124504,Posh Micro X S240 (4GB)
9972976,-20.6133538008,Meizu MX6 (32GB)
11164423,-20.664438049,Huawei Honor V8 (32GB)
9633962,-20.8347527844,FlameFox Simple1
9549977,-20.930845973,ZTE Blade V7 Lite (16GB)
9132174,-20.9583886735,Samsung Galaxy Xcover 3 Value Edition (8GB)
7050313,-21.5950655588,Alcatel OneTouch Idol 3 (8GB)
9352876,-21.6353172193,Alcatel OneTouch Pop 4S (16GB)
7360931,-21.6963157775,Lenovo A2010 (8GB)
6998933,-21.833349504,Alcatel OneTouch Pixi 3 (4.5) 3G (4GB)
6487622,-21.8693763211,Microsoft Lumia 640 3G Dual (8GB)
9759446,-21.9013341628,Vodafone Smart Turbo 7 (8GB)
7333160,-22.1557286378,Samsung Galaxy J5 (8GB)
10555365,-22.3785381506,Acer Liquid Z6
10010539,-22.8631977455,Google Pixel XL (32GB)
8165533,-22.9390915941,Alcatel OneTouch Go Play (8GB)
9844865,-23.5810824311,HomTom HT17 Pro (16GB)
11975510,-23.5859194003,ZTE Blade A612 (16GB)
8317727,-23.7772092198,Umi Rome X (8GB)
10001441,-23.7841215987,Alcatel OneTouch 1016G
10832121,-23.847859913,Samsung Galaxy C9 Pro (64GB)
7440941,-23.9492103446,Samsung Galaxy J7 Dual 4G (16GB)
9402788,-24.065435925,BlackView A8 (8GB)
9654138,-24.1086058115,Leagoo M5 (16GB)
10430368,-24.1130113344,LG K3 (8GB)
8349172,-24.1156335593,LG K4 (8GB)
9017595,-24.1687142616,Mediacom PhonePad Duo X555U (16GB)
8221632,-24.2213947584,Samsung Galaxy A5 2016 (16GB)
10619619,-24.2871674569,Wiko Freddy (8GB)
11317672,-24.3623888737,Blu Z3
10620599,-24.4093177572,Wiko Tommy (8GB)
7310752,-25.0035164561,Doogee Nova (8GB)
10603019,-25.9086677662,Lenovo K6 Power (16GB)
6744233,-26.0989243135,LG Magna (8GB)
8012281,-26.3354997641,Crypto Creev Mark V (16GB) Full Pack
10556184,-26.3989466333,Acer Liquid Z6 Plus
11405935,-26.4401346136,Medion Life (16GB)
8244331,-26.4982592952,Crypto Creev Mark V (16GB) Flip Cover & Tempered Glass Bundle
9672740,-26.8473730936,Xiaomi Redmi Note 4 Standard Edition (MediaTek) (2GB/16GB)
11773828,-26.8882751732,MaxCom MM428
10181376,-27.2161126658,Asus Zenfone 3 Laser (32GB) (ZC551KL)
11773913,-27.2275787453,MaxCom MM823
11077790,-27.4265271132,TP-LINK Neffos X1 (16GB)
11389992,-27.5067040444,Bluboo Edge (16GB)
9329087,-27.8343225511,Cubot Rainbow (16GB)
9664652,-27.9770887259,ZTE Blade V7 (16GB)
8770390,-28.0964085704,Coolpad Porto S (8GB)
7314178,-28.2100467933,Motorola Moto X Play (16GB)
10081282,-28.4527347695,Energy Sistem Phone Pro 4G (16GB)
5539871,-29.1440812153,Apple iPhone 6 (64GB)
10891553,-29.5796436545,LeEco Le Pro 3 (64GB)
8909629,-29.6816214776,LG K8 (8GB)
7957675,-29.6947550154,Alcatel OneTouch 1052D
10233168,-29.7397211731,Xiaomi Mi Mix (128 GB)
11057217,-29.7672166474,Ulefone Metal Lite (16GB)
7257310,-30.3581680152,LG L60 (4GB)
10242128,-30.4076440415,Meizu U20 (16GB)
9524578,-30.4290608692,Hisense L675 (8GB)
8873832,-30.5953355393,Crypto Creev Mark V Tough (16GB)
10742791,-30.6371736444,Wiko Pulp Fab 4G (16GB)
11088001,-30.7874448121,Lenovo Moto G5 Plus (2GB/32GB)
7448262,-30.9684227502,Huawei Honor 7 Dual (16GB)
8864604,-31.1385284657,Samsung Galaxy J1 2016 (8GB)
9039085,-31.1517628139,LG K7 3G (8GB)
9412950,-31.4243725766,LG K8 Dual (8GB)
10513434,-31.4628293129,Ulefone U007 Pro (8GB)
8645920,-31.590079289,Samsung Galaxy J3 2016 (8GB)
8348233,-31.9521244289,LG K10 (16GB)
8934572,-32.4368258263,LG Stylus 2 (16GB)
8385872,-32.6695279359,Sony Xperia Z5 Premium Dual (32GB)
10864969,-32.7095725669,Xiaomi Mi 6 (64GB)
9658075,-33.1389776229,HTC One M9 Prime (16GB)
9287995,-33.3230171818,BlackView BV6000 (32GB)
9259167,-34.0226687601,Ulefone U007 (8GB)
10550505,-34.1116252425,Alcatel 2051D
8294272,-34.1970841925,ZTE Blade A452 (8GB)
8284007,-35.0928140905,Lenovo A6010 (8GB)
10864013,-35.6574469055,Xiaomi Redmi Note 4 (Snapdragon) (3GB/32GB)
8948150,-35.724961094,Samsung Galaxy A7 Dual 2016 (16GB)
9615391,-36.0058068314,RugGear RG730 (16GB)
11922385,-36.3262522172,Oppo F1s Dual (3GB/32GB)
8174142,-36.6438384842,Blackberry Priv (32GB)
10598138,-38.0943194518,Meizu U10 (16GB)
9383253,-38.3645534399,Leagoo Z5 (8GB)
11273152,-38.9337427899,MLS Easy S1 (8GB)
11315461,-39.4950846746,BQ Aquaris U Plus (2GB/16GB)
9824249,-40.3789553195,Lenovo C2 (8GB)
9747815,-40.6745701542,Sony Xperia XA Ultra Dual (16GB)
11223887,-40.7366869086,General Mobile GM 5 Dual (16GB)
9192250,-41.2937917579,Meizu M3 (16GB)
7335955,-41.6319758968,Nokia 105 Dual
11600683,-41.6821098325,Oukitel U13 (64GB)
8791382,-41.8665482885,Huawei P9 Plus (64GB)
9035623,-41.872401167,LG K10 Dual (16GB)
7972568,-42.0093860515,Lenovo Vibe S1 (32GB)
11168114,-42.1143033883,Sony Xperia XZs (32GB)
8874019,-42.2503201915,Xiaomi Mi 4s (64GB)
7504991,-42.2649050546,Apple iPhone 6s Plus (64GB)
8460398,-42.3216083779,Panasonic T35 (4GB)
7426369,-42.4258451276,Caterpillar S40 Dual (16GB)
11606710,-42.7066165727,LeTV Le 1S (64GB)
7945834,-43.0187751908,Doogee F3 (16GB)
10627992,-43.4480694088,Nokia 150 Dual
9941958,-44.0101283849,Lenovo Vibe P1 (16GB/3GB)
7069412,-44.2915287137,HTC One M9+ (32GB)
7653378,-44.3038675241,Elephone P8000 (16GB)
11655435,-44.5757994877,Samsung Galaxy Xcover 4 (16GB)
5804541,-45.0024206702,Alcatel OneTouch 1035D
10680367,-45.1338309506,ZTE Blade V7 Lite (8GB)
7423345,-45.7567718562,Apple iPhone 6s (16GB)
10643378,-45.7646728461,Sony Xperia XZ Dual (64GB)
7750919,-45.7858721921,Meizu M2 (16GB)
9561798,-46.1546761685,Meizu M3s (16GB)
10909904,-46.162236069,Bluboo Mini (8GB)
10756334,-46.2218127451,Samsung Galaxy A3 2017 (16GB)
10817232,-46.3054773495,HTC U Play (64GB)
11067464,-46.63637313,Blu Life One X2 (16GB)
11283803,-46.7606237464,HTC U Ultra (64GB)
11425408,-47.0280902206,Xiaomi Redmi 4x (32GB)
11576383,-47.1114422804,Vivo X9 Plus (64GB)
8435811,-47.4408209161,Meizu Pro 5 (64GB)
9757586,-47.4608440329,Vodafone Smart Prime 7 (8GB)
7630281,-47.6950192884,Samsung Galaxy Core Prime Duos Value Edition (8GB)
9416635,-47.8113976246,Oukitel U2 (8GB)
11206202,-47.8259470758,Go Clever Quantum 470 Pro Rugged (16GB)
9034797,-47.9881720011,Lenovo Vibe S1 Lite (16GB)
9877558,-48.1401520195,Xiaomi Mi 4s (16GB)
11334248,-48.5862648963,Xiaomi Redmi 4a (32GB)
9001596,-49.0535231639,Samsung Galaxy J7 2016 (16GB)
8136245,-49.0714415272,BlackView Omega Pro (16GB)
11599217,-49.1513418902,Archos 50 Saphir (16GB)
9925594,-49.7974988117,LeEco Le 2 Pro (32GB)
11435749,-50.6097030588,Vivo X9 (64GB)
9655436,-50.7259938001,Ulefone Paris Lite (16GB)
11758269,-51.0410512742,Alcatel Pop 4 (6) 7070x (16GB)
11001673,-51.1682936293,Huawei Nova Plus Dual (32GB)
11140429,-51.3166747899,Samsung Galaxy S8+ (64GB)
8820025,-51.5720508819,Lenovo Vibe C (8GB)
11452744,-51.9443714602,LG K4 (2017) (8GB)
9173758,-52.4791800345,BlackView A5 (8GB)
7344391,-52.698952961,Doogee Ibiza F2 (8GB)
8864161,-53.3862907059,TP-LINK Neffos C5 Max (16GB)
11334113,-53.5457882494,RugGear RG740 (16GB)
8863487,-53.5623746751,TP-LINK Neffos C5L (8GB)
9561760,-54.3989341033,Ulefone Metal (16GB)
10994647,-54.4104591313,Hisense Infinity K8 H910 (16GB)
10914891,-55.290999454,Motorola Moto Z Play (32GB)
10351727,-55.8473317068,Blu Vivo 5R (32GB)
6724273,-56.2343840103,Huawei P8 Lite Dual (16GB)
10706025,-56.3987961491,Asus ZenFone 3 (ZE552KL) (64GB)
7504713,-56.548672576,Apple iPhone 6s (64GB)
11069307,-56.711222967,Xiaomi Redmi Note 4X (Snapdragon) (32GB)
11860310,-57.0744130414,Oppo R9s Plus (64GB)
8669008,-57.1976619021,Samsung Galaxy J3 Duos 2016 (8GB)
10282598,-57.2075011052,Umi Diamond (16GB)
9500739,-57.5933961575,Leagoo Z5 4G (8GB)
10922517,-58.3947775337,Blu Pure XR (64GB)
8459471,-59.5755638795,HTC Desire 828 Dual (16GB)
9658172,-61.3924541086,ZTE Axon Mini (32GB)
10085477,-61.6888564178,HTC Desire 628 Dual (32GB)
9547257,-62.0702829372,Motorola Moto G4 Plus (32GB)
11740750,-62.8810105963,Lenovo A7700 (16GB)
9615498,-63.2222529813,TP-LINK Neffos Y5L
7448041,-63.3054373337,Huawei Ascend G8 Dual (32GB)
10642610,-63.9088832146,Blackberry DTEK60 (32GB)
9783214,-66.7310216248,Apple iPhone 7 Plus (32GB)
11799417,-66.9862890667,Huawei P10 Plus Dual (128GB)
6317146,-66.9942822068,Samsung Galaxy S6 Edge (64GB)
12011992,-69.2539648196,Asus ZenFone 3 Deluxe (32GB) (ZS550KL)
6932938,-69.7785285967,Xiaomi Mi 4i (16GB)
10181754,-70.768318542,Kodak Ektra
7180618,-72.2549290858,Cubot X12 (8GB)
10512952,-72.4466006602,Go Clever Quantum 5 500 Rugged (16GB)
11327738,-74.4047047604,Leagoo Venture 1 (16GB)
9783213,-74.7457920435,Apple iPhone 7 (32GB)
7946058,-75.3225910196,HTC One A9 (16GB)
7351792,-79.3388478042,MLS iQTalk Diamond Dual (16GB)
10705514,-80.3953859876,MLS Easy S (8GB)
8797638,-81.4620893526,HTC 10 (32GB)
11140103,-81.7794455182,LG G6 (32GB)
6317238,-83.5822184232,Samsung Galaxy S6 Edge (128GB)
9550139,-83.7785815412,ZTE Nubia Z9 Mini (16GB)
7722735,-84.107936675,HTC Desire 728G (16GB)
10891521,-85.0585965688,LeEco Le Pro 3 (32GB)
10774486,-86.3302017325,Asus ZenFone 3 Zoom (ZE553KL) (64GB)
8455260,-88.5345735042,HTC One M9+ Supreme Camera Edition (32GB)
10922599,-89.580176739,Samsung Galaxy J5 Prime (16GB)
8286967,-91.8366472383,Elari CardPhone
8138004,-91.8542827177,Meizu Pro 5 (32GB)
8221631,-92.9427094712,Samsung Galaxy A3 2016 (16GB)
9561935,-95.2733426781,Asus ZenFone Go TV (16GB)
10410215,-96.6324218652,HP Elite x3 (64GB)
10327862,-98.5138726413,LeEco Le Max 2 (32GB)
8107566,-99.2637706021,Sony Xperia Z5 Dual (32GB)
10263538,-101.44520287,Meizu MX5e (16GB)
8514556,-102.709625221,MLS iQTalk Diamond 4G 5.2'' (16GB)
10793690,-103.051381917,LeEco Le Max 2 (6GB/64GB)
7834139,-108.164789981,OnePlus X (16GB)
10706060,-113.627247256,Samsung J7 Prime (16GB)
10817159,-115.406661341,HTC U Ultra Dual (64GB)
8453518,-117.476420983,LG V10 Dual (64GB)
8473214,-121.315797082,Samsung Galaxy A9 2016 (32GB)
9905507,-123.214152274,Apple iPhone 6s Plus (32GB)
8212098,-124.212547669,Huawei Mate 8 Dual (32GB)
11448281,-128.059941042,Motorola Moto Z (64GB)
10549525,-128.186095994,Lenovo Phab 2 Pro
7621004,-130.941186533,Meizu MX5 (16GB)
11140071,-132.688290426,Huawei P10 (32GB)
10085889,-135.344760709,Asus ZenFone 3 Deluxe (64GB) (ZS550KL)
10021548,-137.990439112,Asus ZenFone 3 Deluxe (64GB) (ZS570KL)
7321837,-138.468990441,Caterpillar S40 (16GB)
8436601,-138.89714613,MLS iQTalk Diamond 4G 5'' Dual (32GB)
11154466,-141.182396418,Huawei P9 Plus Dual (64GB)
9395784,-141.736512211,Xiaomi Redmi 3s (16GB)
9627440,-146.078013571,Caterpillar S60 (32GB)
10529216,-147.49883214,Meizu Pro 6 Plus (64GB)
11698435,-153.713393009,LG G6 Dual (32GB)
10646927,-164.865378261,Asus ZenFone 3 Deluxe (ZS570KL) (32GB)
7111191,-182.497255609,Sony Xperia Z3+ (32GB)
5539991,-183.096758922,Apple iPhone 6 Plus (128GB)
11169044,-185.459132169,Sony Xperia XZs Dual (64GB)
11222134,-185.797501334,Lenovo Vibe X3 (32GB)
7333287,-190.477481536,Samsung Galaxy S6 Edge Plus (32GB)
5539955,-195.27407707,Apple iPhone 6 (128GB)
11170278,-212.023467855,Huawei P10 Plus (4GB/64GB)
11800191,-214.963546608,Huawei P10 Plus Dual (64GB)
10841031,-215.076730047,Huawei Mate 9 Dual (128GB)
7973184,-229.301116299,Motorola Moto X Force (32GB)
10434765,-231.101531591,Huawei Mate 9 Pro (128GB)
7459436,-232.737361851,Xiaomi Mi Note (16GB)
10922119,-234.629415535,Huawei Mate 9 Dual (32GB)
10010698,-300.77385797,Google Pixel XL (128GB)
7801410,-328.128135371,LG V10 (32GB)
